Filter_Index,Low_Frequency_Hz,High_Frequency_Hz,Bandwidth_Hz,Center_Frequency_Hz,Low_Frequency_Init_Hz,High_Frequency_Init_Hz,Bandwidth_Init_Hz,Center_Frequency_Init_Hz
0,1.4057612,3.4374962,2.031735,2.4216287,1.6,4.1,2.5,2.85
1,3.5132062,6.2425947,2.7293885,4.8779006,3.6666665,6.1666665,2.5,4.9166665
2,5.7710385,8.432511,2.6614728,7.101775,5.7333336,8.233334,2.5,6.9833336
3,7.8789005,10.0,2.1210995,8.93945,7.8,10.0,2.1999998,8.9
